nome,url
assembleia_legislativa_do_estado_de_goias_al-go,Assembléia Legislativa do Estado de Goiás (AL-GO)
assembleia_legislativa_do_estado_de_mato_grosso_do_sul_al-ms,Assembléia Legislativa do Estado de Mato Grosso do Sul (AL-MS)
assembleia_legislativa_do_estado_de_minas_gerais_al-mg,Assembléia Legislativa do Estado de Minas Gerais (AL-MG)
assembleia_legislativa_do_estado_de_pernambuco_al-pe,Assembléia Legislativa do Estado de Pernambuco (AL-PE)
assembleia_legislativa_do_estado_de_roraima_al-rr,Assembléia Legislativa do Estado de Roraima (AL-RR)
assembleia_legislativa_do_estado_de_tocantins_al-to,Assembléia Legislativa do Estado de Tocantins (AL-TO)
assembleia_legislativa_do_estado_do_maranhao_al-ma,Assembléia Legislativa do Estado do Maranhão (AL-MA)
assembleia_legislativa_do_estado_do_parana_al-pr,Assembléia Legislativa do Estado do Paraná (AL-PR)
assembleia_legislativa_do_estado_do_para_al-pa,Assembléia Legislativa do Estado do Pará (AL-PA)
associacao_amazonense_de_municipios_aam,Associação Amazonense de Municípios (AAM)
associacao_estadual_de_municipios_do_rio_de_janeiro_aemerj,Associação Estadual de Municípios do Rio de Janeiro (AEMERJ)
associacao_goiana_de_municipios_agm,Associação Goiana de Municípios (AGM)
associacao_mato-grossense_dos_municipios_amm-mt,Associação Mato-Grossense dos Municípios (AMM-MT)
associacao_mineira_de_municipios_amm-mg,Associação Mineira de Municípios (AMM-MG)
associacao_municipalista_de_pernambuco_amupe,Associação Municipalista de Pernambuco (AMUPE)
associacao_paulista_de_municipios_apm,Associação Paulista de Municípios (APM)
associacao_rondoniense_de_municipios_arom,Associação Rondoniense de Municípios (AROM)
associacao_de_municipios_alagoanos_ama,Associação de Municípios Alagoanos (AMA)
associacao_do_sul_extremo_sul_e_sudoeste_da_bahia_amurc,"Associação do Sul, Extremo Sul e Sudoeste da Bahia (AMURC)"
associacao_dos_municipios_do_mato_grosso_do_sul_assomasul,Associação dos Municípios do Mato Grosso do Sul (ASSOMASUL)
associacao_dos_municipios_do_parana_amp,Associação dos Municípios do Paraná (AMP)
associacao_dos_municipios_e_prefeitos_do_estado_do_ceara_aprece,Associação dos Municípios e Prefeitos do Estado do Ceará (APRECE)
cjm12_-_auditoria_da_12_cjm_12cjm,CJM12 - Auditoria da 12ª CJM (12CJM)
conselho_nacional_de_justica_cnj,Conselho Nacional de Justiça (CNJ)
conselho_superior_da_justica_do_trabalho_csjt,Conselho Superior da Justiça do Trabalho (CSJT)
corregedoria_regional_de_justica_do_trabalho_da_16_regiao_pjecortrt16,Corregedoria Regional de Justiça do Trabalho da 16ª Região (PJECORTRT16)
corregedoria_regional_de_justica_do_trabalho_da_23_regiao_pjecortrt23,Corregedoria Regional de Justiça do Trabalho da 23ª Região (PJECORTRT23)
corregedoria_regional_de_justica_do_trabalho_da_5_regiao_pjecortrt5,Corregedoria Regional de Justiça do Trabalho da 5ª Região (PJECORTRT5)
diario_oficial_-_prefeitura_municipal_de_niteroi_dom-nit-rj,Diario Oficial - Prefeitura Municipal de Niterói (DOM-NIT-RJ)
diario_eletronico_da_ordem_dos_advogados_do_brasil_deoab,Diário Eletrônico da Ordem dos Advogados do Brasil (DEOAB)
diario_oficial_da_uniao_dou,Diário Oficial da União (DOU)
diario_oficial_do_distrito_federal_dodf,Diário Oficial do Distrito Federal (DODF)
diario_oficial_do_estado_da_bahia_doeba,Diário Oficial do Estado da Bahia (DOEBA)
diario_oficial_do_estado_da_paraiba_doepb,Diário Oficial do Estado da Paraíba (DOEPB)
diario_oficial_do_estado_de_alagoas_doeal,Diário Oficial do Estado de Alagoas (DOEAL)
diario_oficial_do_estado_de_goias_doego,Diário Oficial do Estado de Goiás (DOEGO)
diario_oficial_do_estado_de_minas_gerais_doemg,Diário Oficial do Estado de Minas Gerais (DOEMG)
diario_oficial_do_estado_de_pernambuco_doepe,Diário Oficial do Estado de Pernambuco (DOEPE)
diario_oficial_do_estado_de_rondonia_doero,Diário Oficial do Estado de Rondônia (DOERO)
diario_oficial_do_estado_de_roraima_doerr,Diário Oficial do Estado de Roraima (DOERR)
diario_oficial_do_estado_de_santa_catarina_doesc,Diário Oficial do Estado de Santa Catarina (DOESC)
diario_oficial_do_estado_de_sergipe_doese,Diário Oficial do Estado de Sergipe (DOESE)
diario_oficial_do_estado_de_sao_paulo_dosp,Diário Oficial do Estado de São Paulo (DOSP)
diario_oficial_do_estado_do_acre_doeac,Diário Oficial do Estado do Acre (DOEAC)
diario_oficial_do_estado_do_amapa_doeap,Diário Oficial do Estado do Amapá (DOEAP)
diario_oficial_do_estado_do_amazonas_doeam,Diário Oficial do Estado do Amazonas (DOEAM)
diario_oficial_do_estado_do_ceara_doece,Diário Oficial do Estado do Ceará (DOECE)
diario_oficial_do_estado_do_espirito_santo_doees,Diário Oficial do Estado do Espírito Santo (DOEES)
diario_oficial_do_estado_do_maranhao_doema,Diário Oficial do Estado do Maranhão (DOEMA)
diario_oficial_do_estado_do_mato_grosso_doemt,Diário Oficial do Estado do Mato Grosso (DOEMT)
diario_oficial_do_estado_do_mato_grosso_do_sul_doems,Diário Oficial do Estado do Mato Grosso do Sul (DOEMS)
diario_oficial_do_estado_do_parana_doepr,Diário Oficial do Estado do Paraná (DOEPR)
diario_oficial_do_estado_do_para_doepa,Diário Oficial do Estado do Pará (DOEPA)
diario_oficial_do_estado_do_piaui_doepi,Diário Oficial do Estado do Piauí (DOEPI)
diario_oficial_do_estado_do_rio_grande_do_norte_doern,Diário Oficial do Estado do Rio Grande do Norte (DOERN)
diario_oficial_do_estado_do_rio_grande_do_sul_doers,Diário Oficial do Estado do Rio Grande do Sul (DOERS)
diario_oficial_do_estado_do_rio_de_janeiro_doerj,Diário Oficial do Estado do Rio de Janeiro (DOERJ)
diario_oficial_do_estado_do_tocantins_doeto,Diário Oficial do Estado do Tocantins (DOETO)
diario_oficial_do_municipio_de_americana_dom-americ,Diário Oficial do Município de Americana (DOM-AMERIC)
diario_oficial_do_municipio_de_barueri_dom-bru,Diário Oficial do Município de Barueri (DOM-BRU)
diario_oficial_do_municipio_de_bauru_dom-bauru,Diário Oficial do Município de Bauru (DOM-BAURU)
diario_oficial_do_municipio_de_belem_dom-belem,Diário Oficial do Município de Belém (DOM-BELEM)
diario_oficial_do_municipio_de_boa_vista_dom-bvb,Diário Oficial do Município de Boa Vista (DOM-BVB)
diario_oficial_do_municipio_de_camacari_dom-camacari,Diário Oficial do Município de Camaçari (DOM-CAMACARI)
diario_oficial_do_municipio_de_campinas_dom-camp,Diário Oficial do Município de Campinas (DOM-CAMP)
diario_oficial_do_municipio_de_campo_grande_dom-campog,Diário Oficial do Município de Campo Grande (DOM-CAMPOG)
diario_oficial_do_municipio_de_campos_dos_goytacazes_dom-goy-rj,Diário Oficial do Município de Campos dos Goytacazes (DOM-GOY-RJ)
diario_oficial_do_municipio_de_caxias_do_sul_dom-cxs,Diário Oficial do Município de Caxias do Sul (DOM-CXS)
diario_oficial_do_municipio_de_curitiba_dom-ctba,Diário Oficial do Município de Curitiba (DOM-CTBA)
diario_oficial_do_municipio_de_duque_de_caxias_dom-dcs,Diário Oficial do Município de Duque de Caxias (DOM-DCS)
diario_oficial_do_municipio_de_florianopolis_dom-fln-sc,Diário Oficial do Município de Florianópolis (DOM-FLN-SC)
diario_oficial_do_municipio_de_fortaleza_dom-for,Diário Oficial do Município de Fortaleza (DOM-FOR)
diario_oficial_do_municipio_de_goiania_dom-gyn,Diário Oficial do Município de Goiânia (DOM-GYN)
diario_oficial_do_municipio_de_guarulhos_dom-gru,Diário Oficial do Município de Guarulhos (DOM-GRU)
diario_oficial_do_municipio_de_joao_pessoa_dom-jpa,Diário Oficial do Município de João Pessoa (DOM-JPA)
diario_oficial_do_municipio_de_macapa_dom-macapa,Diário Oficial do Município de Macapá (DOM-MACAPA)
diario_oficial_do_municipio_de_maceio_dom-maceio,Diário Oficial do Município de Maceió (DOM-MACEIO)
diario_oficial_do_municipio_de_manaus_dom-manaus,Diário Oficial do Município de Manaus (DOM-MANAUS)
diario_oficial_do_municipio_de_marilia_dom-mar,Diário Oficial do Município de Marília (DOM-MAR)
diario_oficial_do_municipio_de_natal_dom-natal,Diário Oficial do Município de Natal (DOM-NATAL)
diario_oficial_do_municipio_de_osasco_dom-osasco,Diário Oficial do Município de Osasco (DOM-OSASCO)
diario_oficial_do_municipio_de_palmas_dom-pmw,Diário Oficial do Município de Palmas (DOM-PMW)
diario_oficial_do_municipio_de_ponta_pora_dom-pmg-ms,Diário Oficial do Município de Ponta Porã (DOM-PMG-MS)
diario_oficial_do_municipio_de_porto_alegre_dom-poa,Diário Oficial do Município de Porto Alegre (DOM-POA)
diario_oficial_do_municipio_de_porto_velho_dom-pvh,Diário Oficial do Município de Porto Velho (DOM-PVH)
diario_oficial_do_municipio_de_salvador_dom-ssa,Diário Oficial do Município de Salvador (DOM-SSA)
diario_oficial_do_municipio_de_santos_dom-santos,Diário Oficial do Município de Santos (DOM-SANTOS)
diario_oficial_do_municipio_de_sorocaba_dom-sod-sp,Diário Oficial do Município de Sorocaba (DOM-SOD-SP)
diario_oficial_do_municipio_de_sao_bernardo_do_campo_dom-sbc,Diário Oficial do Município de São Bernardo do Campo (DOM-SBC)
diario_oficial_do_municipio_de_sao_goncalo_dom-qsd-rj,Diário Oficial do Município de São Gonçalo (DOM-QSD-RJ)
diario_oficial_do_municipio_de_sao_luis_dom-slz,Diário Oficial do Município de São Luís (DOM-SLZ)
diario_oficial_do_municipio_de_sao_paulo_dom-sp,Diário Oficial do Município de São Paulo (DOM-SP)
diario_oficial_do_municipio_de_teresina_dom-the,Diário Oficial do Município de Teresina (DOM-THE)
diario_oficial_do_municipio_de_uberaba_dom-ubera,Diário Oficial do Município de Uberaba (DOM-UBERA)
diario_oficial_do_municipio_de_uberlandia_dom-uberl,Diário Oficial do Município de Uberlândia (DOM-UBERL)
diario_oficial_do_municipio_de_vitoria_dom-vix,Diário Oficial do Município de Vitória (DOM-VIX)
diario_oficial_dos_municipios_capixabas_dom-capix,Diário Oficial dos Municípios Capixabas (DOM-CAPIX)
diario_oficial_dos_municipios_de_santa_catarina_dom-sc,Diário Oficial dos Municípios de Santa Catarina (DOM-SC)
diario_da_justica_militar_do_estado_de_minas_gerais_djmmg,Diário da Justiça Militar do Estado de Minas Gerais (DJMMG)
diario_da_justica_militar_do_estado_de_sao_paulo_djmsp,Diário da Justiça Militar do Estado de São Paulo (DJMSP)
diario_de_justica_da_uniao_dju,Diário de Justiça da União (DJU)
diario_de_justica_do_distrito_federal_djdf,Diário de Justiça do Distrito Federal (DJDF)
diario_de_justica_do_estado_da_bahia_djba,Diário de Justiça do Estado da Bahia (DJBA)
diario_de_justica_do_estado_da_paraiba_djpb,Diário de Justiça do Estado da Paraíba (DJPB)
diario_de_justica_do_estado_de_alagoas_djal,Diário de Justiça do Estado de Alagoas (DJAL)
diario_de_justica_do_estado_de_goias_djgo,Diário de Justiça do Estado de Goiás (DJGO)
diario_de_justica_do_estado_de_minas_gerais_djmg,Diário de Justiça do Estado de Minas Gerais (DJMG)
diario_de_justica_do_estado_de_pernambuco_djpe,Diário de Justiça do Estado de Pernambuco (DJPE)
diario_de_justica_do_estado_de_rondonia_djro,Diário de Justiça do Estado de Rondônia (DJRO)
diario_de_justica_do_estado_de_roraima_djrr,Diário de Justiça do Estado de Roraima (DJRR)
diario_de_justica_do_estado_de_santa_catarina_djsc,Diário de Justiça do Estado de Santa Catarina (DJSC)
diario_de_justica_do_estado_de_sergipe_djse,Diário de Justiça do Estado de Sergipe (DJSE)
diario_de_justica_do_estado_de_sao_paulo_djsp,Diário de Justiça do Estado de São Paulo (DJSP)
diario_de_justica_do_estado_de_tocantins_djto,Diário de Justiça do Estado de Tocantins (DJTO)
diario_de_justica_do_estado_do_acre_djac,Diário de Justiça do Estado do Acre (DJAC)
diario_de_justica_do_estado_do_amapa_djap,Diário de Justiça do Estado do Amapá (DJAP)
diario_de_justica_do_estado_do_amazonas_djam,Diário de Justiça do Estado do Amazonas (DJAM)
diario_de_justica_do_estado_do_ceara_djce,Diário de Justiça do Estado do Ceará (DJCE)
diario_de_justica_do_estado_do_maranhao_djma,Diário de Justiça do Estado do Maranhão (DJMA)
diario_de_justica_do_estado_do_mato_grosso_djmt,Diário de Justiça do Estado do Mato Grosso (DJMT)
diario_de_justica_do_estado_do_mato_grosso_do_sul_djms,Diário de Justiça do Estado do Mato Grosso do Sul (DJMS)
diario_de_justica_do_estado_do_parana_djpr,Diário de Justiça do Estado do Paraná (DJPR)
diario_de_justica_do_estado_do_para_djpa,Diário de Justiça do Estado do Pará (DJPA)
diario_de_justica_do_estado_do_piaui_djpi,Diário de Justiça do Estado do Piauí (DJPI)
diario_de_justica_do_estado_do_rio_grande_do_norte_djrn,Diário de Justiça do Estado do Rio Grande do Norte (DJRN)
diario_de_justica_do_estado_do_rio_grande_do_sul_djrs,Diário de Justiça do Estado do Rio Grande do Sul (DJRS)
diario_de_justica_do_estado_do_rio_de_janeiro_djrj,Diário de Justiça do Estado do Rio de Janeiro (DJRJ)
federacao_goiana_de_municipios_fgm,Federação Goiana de Municípios (FGM)
federacao_das_associacoes_de_municipios_da_paraiba_famup,Federação das Associações de Municípios da Paraíba (FAMUP)
federacao_das_associacoes_de_municipios_do_estado_do_para_famep,Federação das Associações de Municípios do Estado do Pará (FAMEP)
federacao_das_associacoes_de_municipios_do_rio_grande_do_sul_famurs,Federação das Associações de Municípios do Rio Grande do Sul (FAMURS)
federacao_dos_municipios_do_rio_grande_do_norte_femurn,Federação dos Municípios do Rio Grande do Norte (FEMURN)
ministerio_publico_de_pernambuco_mp-pe,Ministério Público de Pernambuco (MP-PE)
ministerio_publico_do_estado_da_santa_catarina_mp-sc,Ministério Público do Estado da Santa Catarina (MP-SC)
ministerio_publico_do_estado_de_minas_gerais_mp-mg,Ministério Público do Estado de Minas Gerais (MP-MG)
ministerio_publico_do_estado_do_amapa_mp-ap,Ministério Público do Estado do Amapá (MP-AP)
ministerio_publico_do_estado_do_mato_grosso_do_sul_mp-ms,Ministério Público do Estado do Mato Grosso do Sul (MP-MS)
ministerio_publico_do_estado_do_rio_grande_do_sul_mp-rs,Ministério Público do Estado do Rio Grande do Sul (MP-RS)
pjecor_-_corregedoria_geral_pjecoroutros,PJECOR - Corregedoria Geral (PJECOROUTROS)
revista_da_propriedade_industrial_rpi,Revista da Propriedade Industrial (RPI)
seeu_-_diario_de_justica_do_estado_do_acre_seeu-tjac,SEEU - Diário de Justiça do Estado do Acre (SEEU-TJAC)
seeu_-_justica_federal_no_rio_grande_do_norte_seeu-sjrn,SEEU - Justiça Federal no Rio Grande do Norte (SEEU-SJRN)
seeu_-_tribunal_regional_federal_da_2_regiao_seeu-trf2,SEEU - Tribunal Regional Federal da 2ª Região (SEEU-TRF2)
seeu_-_tribunal_regional_federal_da_5_regiao_seeu-trf5,SEEU - Tribunal Regional Federal da 5ª Região (SEEU-TRF5)
seeu_-_tribunal_de_justica_militar_de_minas_gerais_seeu-tjmmg,SEEU - Tribunal de Justiça Militar de Minas Gerais (SEEU-TJMMG)
seeu_-_tribunal_de_justica_de_alagoas_seeu-tjal,SEEU - Tribunal de Justiça de Alagoas (SEEU-TJAL)
seeu_-_tribunal_de_justica_de_rondonia_seeu-tjro,SEEU - Tribunal de Justiça de Rondônia (SEEU-TJRO)
seeu_-_tribunal_de_justica_do_estado_do_espirito_santo_seeu-tjes,SEEU - Tribunal de Justiça do Estado do Espírito Santo (SEEU-TJES)
seeu_-_tribunal_de_justica_do_piaui_seeu-tjpi,SEEU - Tribunal de Justiça do Piauí (SEEU-TJPI)
seeu_cjm4_-_auditoria_da_4_cjm_-_aberto_seeu-4cjm,SEEU CJM4 - Auditoria da 4ª CJM - Aberto (SEEU-4CJM)
sistema_eletronico_de_execucao_unificado_do_tjap_seeu-tjap,Sistema Eletrônico de Execução Unificado do TJAP (SEEU-TJAP)
sistema_eletronico_de_execucao_unificado_do_tjdft_seeu-tjdft,Sistema Eletrônico de Execução Unificado do TJDFT (SEEU-TJDFT)
sistema_eletronico_de_execucao_unificado_do_tjpe_seeu-tjpe,Sistema Eletrônico de Execução Unificado do TJPE (SEEU-TJPE)
sistema_eletronico_de_execucao_unificado_do_trf6_seeu-trf6,Sistema Eletrônico de Execução Unificado do TRF6 (SEEU-TRF6)
sistema_eletronico_de_execucao_unificado_do_tribunal_de_justica_da_par_seeu-tjpb,Sistema Eletrônico de Execução Unificado do Tribunal de Justiça da Par (SEEU-TJPB)
superior_tribunal_militar_stm,Superior Tribunal Militar (STM)
superior_tribunal_de_justica_stj,Superior Tribunal de Justiça (STJ)
supremo_tribunal_federal_stf,Supremo Tribunal Federal (STF)
tjam_-_2_vara_de_execucao_penal_de_manaus_-_regime_semiaberto_seeu-tjam,TJAM - 2.ª Vara de Execução Penal de Manaus - Regime Semiaberto (SEEU-TJAM)
tjce_-_vara_unica_da_comarca_de_jucas_regime_semiaberto_e_fechado_seeu-tjce,TJCE - Vara Única da Comarca de Jucás (Regime Semiaberto e Fechado) (SEEU-TJCE)
tjgo_-_luziania_-_vara_de_execucao_penal_meio_fechado_e_semiaberto_seeu-tjgo,TJGO - Luziânia - Vara de Execução Penal Meio Fechado e Semiaberto (SEEU-TJGO)
tjms_-_vara_de_execucao_em_meio_fechado_e_semiaberto_do_interior_seeu-tjms,TJMS - Vara de Execução em Meio Fechado e Semiaberto do Interior (SEEU-TJMS)
tjpr_-_vara_de_execucao_em_meio_aberto_de_reserva_seeu-tjpr,TJPR - Vara de Execução em Meio Aberto de Reserva (SEEU-TJPR)
tjrj_-_vara_meio_fechado_e_semiaberto_-_final_7_e_8_seeu-tjrj,TJRJ - Vara Meio Fechado e Semiaberto - Final 7 e 8 (SEEU-TJRJ)
tjrn_-_1_vara_regional_de_execucao_penal_-_meio_fechado_e_semiaberto_seeu-tjrn,TJRN - 1ª Vara Regional de Execução Penal - Meio Fechado e Semiaberto (SEEU-TJRN)
tribunal_regional_eleitoral_da_bahia_tre-ba,Tribunal Regional Eleitoral da Bahia (TRE-BA)
tribunal_regional_eleitoral_da_paraiba_tre-pb,Tribunal Regional Eleitoral da Paraíba (TRE-PB)
tribunal_regional_eleitoral_de_alagoas_tre-al,Tribunal Regional Eleitoral de Alagoas (TRE-AL)
tribunal_regional_eleitoral_de_goias_tre-go,Tribunal Regional Eleitoral de Goiás (TRE-GO)
tribunal_regional_eleitoral_de_mato_grosso_tre-mt,Tribunal Regional Eleitoral de Mato Grosso (TRE-MT)
tribunal_regional_eleitoral_de_mato_grosso_do_sul_tre-ms,Tribunal Regional Eleitoral de Mato Grosso do Sul (TRE-MS)
tribunal_regional_eleitoral_de_minas_gerais_tre-mg,Tribunal Regional Eleitoral de Minas Gerais (TRE-MG)
tribunal_regional_eleitoral_de_parana_tre-pr,Tribunal Regional Eleitoral de Paraná (TRE-PR)
tribunal_regional_eleitoral_de_para_tre-pa,Tribunal Regional Eleitoral de Pará (TRE-PA)
tribunal_regional_eleitoral_de_pernambuco_tre-pe,Tribunal Regional Eleitoral de Pernambuco (TRE-PE)
tribunal_regional_eleitoral_de_piaui_tre-pi,Tribunal Regional Eleitoral de Piauí (TRE-PI)
tribunal_regional_eleitoral_de_rondonia_tre-ro,Tribunal Regional Eleitoral de Rondônia (TRE-RO)
tribunal_regional_eleitoral_de_roraima_tre-rr,Tribunal Regional Eleitoral de Roraima (TRE-RR)
tribunal_regional_eleitoral_de_santa_catarina_tre-sc,Tribunal Regional Eleitoral de Santa Catarina (TRE-SC)
tribunal_regional_eleitoral_de_sergipe_tre-se,Tribunal Regional Eleitoral de Sergipe (TRE-SE)
tribunal_regional_eleitoral_de_sao_paulo_tre-sp,Tribunal Regional Eleitoral de São Paulo (TRE-SP)
tribunal_regional_eleitoral_de_tocantins_tre-to,Tribunal Regional Eleitoral de Tocantins (TRE-TO)
tribunal_regional_eleitoral_do_acre_tre-ac,Tribunal Regional Eleitoral do Acre (TRE-AC)
tribunal_regional_eleitoral_do_amapa_tre-ap,Tribunal Regional Eleitoral do Amapá (TRE-AP)
tribunal_regional_eleitoral_do_amazonas_tre-am,Tribunal Regional Eleitoral do Amazonas (TRE-AM)
tribunal_regional_eleitoral_do_ceara_tre-ce,Tribunal Regional Eleitoral do Ceará (TRE-CE)
tribunal_regional_eleitoral_do_distrito_federal_tre-df,Tribunal Regional Eleitoral do Distrito Federal (TRE-DF)
tribunal_regional_eleitoral_do_espirito_santo_tre-es,Tribunal Regional Eleitoral do Espirito Santo (TRE-ES)
tribunal_regional_eleitoral_do_maranhao_tre-ma,Tribunal Regional Eleitoral do Maranhão (TRE-MA)
tribunal_regional_eleitoral_do_rio_grande_do_norte_tre-rn,Tribunal Regional Eleitoral do Rio Grande do Norte (TRE-RN)
tribunal_regional_eleitoral_do_rio_grande_do_sul_tre-rs,Tribunal Regional Eleitoral do Rio Grande do Sul (TRE-RS)
tribunal_regional_eleitoral_do_rio_de_janeiro_tre-rj,Tribunal Regional Eleitoral do Rio de Janeiro (TRE-RJ)
tribunal_regional_federal_da_1_regiao_trf-1,Tribunal Regional Federal da 1ª Região (TRF-1)
tribunal_regional_federal_da_2_regiao_trf-2,Tribunal Regional Federal da 2ª Região (TRF-2)
tribunal_regional_federal_da_3_regiao_trf-3,Tribunal Regional Federal da 3ª Região (TRF-3)
tribunal_regional_federal_da_4_regiao_trf-4,Tribunal Regional Federal da 4ª Região (TRF-4)
tribunal_regional_federal_da_5_regiao_trf-5,Tribunal Regional Federal da 5ª Região (TRF-5)
tribunal_regional_federal_da_6_regiao_trf-6,Tribunal Regional Federal da 6ª Região (TRF-6)
tribunal_regional_do_trabalho_da_10_regiao_trt-10,Tribunal Regional do Trabalho da 10ª Região (TRT-10)
tribunal_regional_do_trabalho_da_11_regiao_trt-11,Tribunal Regional do Trabalho da 11ª Região (TRT-11)
tribunal_regional_do_trabalho_da_12_regiao_trt-12,Tribunal Regional do Trabalho da 12ª Região (TRT-12)
tribunal_regional_do_trabalho_da_13_regiao_trt-13,Tribunal Regional do Trabalho da 13ª Região (TRT-13)
tribunal_regional_do_trabalho_da_14_regiao_trt-14,Tribunal Regional do Trabalho da 14ª Região (TRT-14)
tribunal_regional_do_trabalho_da_15_regiao_de_campinas_pjecortrt15,Tribunal Regional do Trabalho da 15 Região de Campinas (PJECORTRT15)
tribunal_regional_do_trabalho_da_15_regiao_trt-15,Tribunal Regional do Trabalho da 15ª Região (TRT-15)
tribunal_regional_do_trabalho_da_16_regiao_trt-16,Tribunal Regional do Trabalho da 16ª Região (TRT-16)
tribunal_regional_do_trabalho_da_17_regiao_trt-17,Tribunal Regional do Trabalho da 17ª Região (TRT-17)
tribunal_regional_do_trabalho_da_18_regiao_trt-18,Tribunal Regional do Trabalho da 18ª Região (TRT-18)
tribunal_regional_do_trabalho_da_19_regiao_trt-19,Tribunal Regional do Trabalho da 19ª Região (TRT-19)
tribunal_regional_do_trabalho_da_1_regiao_trt-1,Tribunal Regional do Trabalho da 1ª Região (TRT-1)
tribunal_regional_do_trabalho_da_20_regiao_trt-20,Tribunal Regional do Trabalho da 20ª Região (TRT-20)
tribunal_regional_do_trabalho_da_21_regiao_trt-21,Tribunal Regional do Trabalho da 21ª Região (TRT-21)
tribunal_regional_do_trabalho_da_22_regiao_trt-22,Tribunal Regional do Trabalho da 22ª Região (TRT-22)
tribunal_regional_do_trabalho_da_23_regiao_trt-23,Tribunal Regional do Trabalho da 23ª Região (TRT-23)
tribunal_regional_do_trabalho_da_24_regiao_trt-24,Tribunal Regional do Trabalho da 24ª Região (TRT-24)
tribunal_regional_do_trabalho_da_2_regiao_trt-2,Tribunal Regional do Trabalho da 2ª Região (TRT-2)
tribunal_regional_do_trabalho_da_3_regiao_trt-3,Tribunal Regional do Trabalho da 3ª Região (TRT-3)
tribunal_regional_do_trabalho_da_4_regiao_trt-4,Tribunal Regional do Trabalho da 4ª Região (TRT-4)
tribunal_regional_do_trabalho_da_5_regiao_trt-5,Tribunal Regional do Trabalho da 5ª Região (TRT-5)
tribunal_regional_do_trabalho_da_6_regiao_trt-6,Tribunal Regional do Trabalho da 6ª Região (TRT-6)
tribunal_regional_do_trabalho_da_7_regiao_trt-7,Tribunal Regional do Trabalho da 7ª Região (TRT-7)
tribunal_regional_do_trabalho_da_8_regiao_trt-8,Tribunal Regional do Trabalho da 8ª Região (TRT-8)
tribunal_regional_do_trabalho_da_9_regiao_trt-9,Tribunal Regional do Trabalho da 9ª Região (TRT-9)
tribunal_superior_eleitoral_tse,Tribunal Superior Eleitoral (TSE)
tribunal_superior_do_trabalho_tst,Tribunal Superior do Trabalho (TST)
tribunal_de_justica_militar_do_rio_grande_do_sul_tjm-rs,Tribunal de Justiça Militar do Rio Grande do Sul (TJM-RS)
tribunal_de_justica_do_espirito_santo_tj-es,Tribunal de Justiça do Espírito Santo (TJ-ES)
